{
  "response": [
    {
      "genre": "Comedy, Sci-Fi & Fantasy, Animation, Action & Adventure",
      "id": 0,
      "overview": "Long ago in the mountains, a fighting master known as Gohan discovered a strange boy whom he named Goku. Gohan raised him and trained Goku in martial arts until he died. The young and very strong boy was on his own, but easily managed. Then one day, Goku met a teenage girl named Bulma, whose search for the mystical Dragon Balls brought her to Gokus home. Together, they set off to find all seven and to grant her wish.",
      "poster": 2131165356,
      "score": "80",
      "title": "Dragon Ball",
      "year": 1986
    },
    {
      "genre": "Sci-Fi & Fantasy, Drama",
      "id": 1,
      "overview": "The Doom Patrol’s members each suffered horrible accidents that gave them superhuman abilities — but also left them scarred and disfigured. Traumatized and downtrodden, the team found purpose through The Chief, who brought them together to investigate the weirdest phenomena in existence — and to protect Earth from what they find.",
      "poster": 2131165355,
      "score": "77",
      "title": "Doom Patrol",
      "year": 2019
    },
    {
      "genre": "Animation, Comedy",
      "id": 2,
      "overview": "Sick, twisted, politically incorrect and Freakin Sweet animated series featuring the adventures of the dysfunctional Griffin family. Bumbling Peter and long-suffering Lois have three kids. Stewie (a brilliant but sadistic baby bent on killing his mother and taking over the world), Meg (the oldest, and is the most unpopular girl in town) and Chris (the middle kid, he is not very bright but has a passion for movies). The final member of the family is Brian - a talking dog and much more than a pet, he keeps Stewie in check whilst sipping Martinis and sorting through his own life issues.",
      "poster": 2131165357,
      "score": "68",
      "title": "Family Guy",
      "year": 1999
    },
    {
      "genre": "Drama, Sci-Fi & Fantasy",
      "id": 3,
      "overview": "After a particle accelerator causes a freak storm, CSI Investigator Barry Allen is struck by lightning and falls into a coma. Months later he awakens with the power of super speed, granting him the ability to move through Central City like an unseen guardian angel. Though initially excited by his newfound powers, Barry is shocked to discover he is not the only meta-human who was created in the wake of the accelerator explosion -- and not everyone is using their new powers for good. Barry partners with S.T.A.R. Labs and dedicates his life to protect the innocent. For now, only a few close friends and associates know that Barry is literally the fastest man alive, but it wont be long before the world learns what Barry Allen has become...The Flash.",
      "poster": 2131165358,
      "score": "75",
      "title": "The Flash",
      "year": 2014
    },
    {
      "genre": "Action & Adventure, Drama, Sci-Fi & Fantasy",
      "id": 4,
      "overview": "Danny Rand resurfaces 15 years after being presumed dead. Now, with the power of the Iron Fist, he seeks to reclaim his past and fulfill his destiny",
      "poster": 2131165362,
      "score": "64",
      "title": "Marvels Iron Fist",
      "year": 2017
    },
    {
      "genre": "Animation, Comedy, Drama",
      "id": 5,
      "overview": "Naruto Shippuuden is the continuation of the original animated TV series Naruto.The story revolves around an older and slightly more matured Uzumaki Naruto and his quest to save his friend Uchiha Sasuke from the grips of the snake-like Shinobi, Orochimaru. After 2 and a half years Naruto finally returns to his village of Konoha, and sets about putting his ambitions to work, though it will not be easy, as He has amassed a few (more dangerous) enemies, in the likes of the shinobi organization; Akatsuki.",
      "poster": 2131165363,
      "score": "87",
      "title": "Naruto Shippuden",
      "year": 2007
    },
    {
      "genre": "Family, Animation, Comedy",
      "id": 6,
      "overview": "Set in Springfield, the average American town, the show focuses on the antics and everyday adventures of the Simpson family; Homer, Marge, Bart, Lisa and Maggie, as well as a virtual cast of thousands. Since the beginning, the series has been a pop culture icon, attracting hundreds of celebrities to guest star. The show has also made name for itself in its fearless satirical take on politics, media and American life in general.",
      "poster": 2131165370,
      "score": "79",
      "title": "The Simpsons",
      "year": 1989
    },
    {
      "genre": "Action, Adventure, Drama, Science Fiction",
      "id": 7,
      "overview": "Spoiled billionaire playboy Oliver Queen is missing and presumed dead when his yacht is lost at sea. He returns five years later a changed man, determined to clean up the city as a hooded vigilante armed with a bow.",
      "poster": 2131165353,
      "score": "67",
      "title": "Arrow",
      "year": 2012
    },
    {
      "genre": "Crime, Drama, Mystery",
      "id": 8,
      "overview": "Set in the present, the series offers a bold, subversive take on Archie, Betty, Veronica and their friends, exploring the surreality of small-town life, the darkness and weirdness bubbling beneath Riverdale’s wholesome facade.",
      "poster": 2131165366,
      "score": "86",
      "title": "Riverdale",
      "year": 2017
    },
    {
      "genre": "Sci-Fi & Fantasy, Action & Adventure",
      "id": 9,
      "overview": "Legendary bounty hunter Boba Fett and mercenary Fennec Shand must navigate the galaxy’s underworld when they return to the sands of Tatooine to stake their claim on the territory once ruled by Jabba the Hutt and his crime syndicate.",
      "poster": 2131165368,
      "score": "84",
      "title": "The Book of Boba Fett",
      "year": 2021
    }
  ]
}